{"cameraMode":{"drawMode":0,"name":"Shaded","section":"Shading Mode"},"sceneLighting":true,"audioPlay":false,"sceneViewState":{"m_AlwaysRefresh":false,"showFog":true,"showSkybox":false,"showFlares":true,"showImageEffects":true,"showParticleSystems":true,"showVisualEffectGraphs":true,"m_FxEnabled":true},"in2DMode":false,"pivot":{"x":-62.10697937011719,"y":25.332332611083986,"z":-4.994999885559082},"rotation":{"x":0.002706991508603096,"y":-0.9668095111846924,"z":0.25544431805610659,"w":0.010198477655649186},"size":24.69452667236328,"orthographic":false}