{"cameraMode":{"drawMode":0,"name":"Shaded","section":"Shading Mode"},"sceneLighting":true,"audioPlay":false,"sceneViewState":{"m_AlwaysRefresh":false,"showFog":true,"showSkybox":true,"showFlares":true,"showImageEffects":true,"showParticleSystems":true,"showVisualEffectGraphs":true,"m_FxEnabled":true},"in2DMode":false,"pivot":{"x":-70.30567169189453,"y":20.34000015258789,"z":-1.2702596187591553},"rotation":{"x":0.002706991508603096,"y":-0.9668095111846924,"z":0.25544431805610659,"w":0.010198477655649186},"size":13.610616683959961,"orthographic":false}