{"cameraMode":{"drawMode":0,"name":"Shaded","section":"Shading Mode"},"sceneLighting":true,"audioPlay":false,"sceneViewState":{"m_AlwaysRefresh":false,"showFog":true,"showSkybox":false,"showFlares":true,"showImageEffects":true,"showParticleSystems":true,"showVisualEffectGraphs":true,"m_FxEnabled":true},"in2DMode":false,"pivot":{"x":-64.96499633789063,"y":25.602333068847658,"z":2.195000648498535},"rotation":{"x":0.023869501426815988,"y":-0.9386646151542664,"z":0.33765918016433718,"w":0.06633107364177704},"size":148.22100830078126,"orthographic":false}