{"cameraMode":{"drawMode":0,"name":"Shaded","section":"Shading Mode"},"sceneLighting":true,"audioPlay":false,"sceneViewState":{"m_AlwaysRefresh":false,"showFog":true,"showSkybox":true,"showFlares":true,"showImageEffects":true,"showParticleSystems":true,"showVisualEffectGraphs":true,"m_FxEnabled":true},"in2DMode":false,"pivot":{"x":247.5423583984375,"y":498.8585510253906,"z":30.25726318359375},"rotation":{"x":-0.12000777572393418,"y":0.01399476919323206,"z":-0.0016918961191549898,"w":-0.9926734566688538},"size":491.3523864746094,"orthographic":false}